18th,2
19th,2
20th,3
21st,3
a.m,2
abeyance,3
absentee,3
absorbed,2
abused,2
accessed,2
accomplished,3
accused,2
ached,1
aches,1
acknowledged,3
acne,2
acquire,3
activism,4
acutely,3
added,2
addressed,2
admire,3
adorned,2
adrianne,3
advised,2
affirmed,2
affixed,2
affluent,3
aggressive,3
aggressively,3
aimed,1
airlines,2
alarmed,2
albanian,4
algorithm,4
algorithms,4
alias,3
alien,3
aliveness,3
alleviate,4
allure,2
altered,2
amazed,2
ambiguity,5
ambushed,2
amped,1
analyzed,3
anarchism,4
andrea,3
angelica,4
angered,2
announcements,3
annoyance,3
annoying,3
answered,2
antiques,2
anxieties,4
anywhere,3
aphorism,4
aphorisms,4
apnea,3
apparently,4
appealed,2
appearances,4
appeared,2
appreciably,5
apprentice,3
apprenticed,3
approached,2
approximately,5
arabia,4
archaea,3
archives,2
areas,3
argentario,5
arguing,3
arranged,2
artichokes,3
ascertained,3
asiago,4
assiduously,5
associated,5
astonished,3
astrobiologist,6
astrobiologists,6
athletes,2
attacked,2
auctioned,2
auslese,3
automatically,5
averaged,3
averaging,3
azienda,4
backed,1
bailed,1
balenciaga,5
barbarism,4
barefoot,2
barraged,2
barred,1
barriers,3
baseless,2
baselessly,3
baseline,2
bathrobes,2
battered,2
battled,2
bayous,2
becomes,2
befuddled,3
behavioral,4
bejeweled,2
belonged,2
belying,3
bemused,2
benitez,3
bernie,2
betrayal,3
biases,3
bibbed,1
bigger,2
biggest,2
billionaires,3
binge-watching,3
biochemist,4
biographer,4
biographers,4
biologist,4
biologists,4
blessed,1
bloodiest,3
bobbed,1
boil,2
bolivia,4
boned,1
bones,1
booked,1
boomed,1
bored,1
boredom,2
bostonian,4
bouteille,2
bouteilles,2
bozeman,2
braggadocio,5
brained,1
brasserie,3
brene,2
bribed,1
britain,2
broached,1
bronzed,1
bucked,1
bullying,3
burgundian,4
burial,3
burned,1
burying,3
bushee,2
busier,3
businesspeople,4
businessperson,4
c.e.o,3
cacciola,4
cafeteria,5
cakes,1
calcium,3
callused,2
camille,2
campsites,2
can't,1
canceled,2
canceled,3
candidates,3
canned,1
capped,1
caravaggio,5
caravaggios,5
cardiologist,5
cardplayers,3
carefully,3
caregiving,3
cares,1
caricatured,4
carved,1
cascades,2
caseload,2
casseroles,3
causeway,2
cautioned,2
caveat,3
caveats,3
caved,1
ceaseless,2
celled,1
centered,2
chalked,1
challenged,2
championing,4
champions,3
championships,4
changing,2
chaos,2
chaotic,3
cheered,1
cherished,2
chianti,3
chignon,2
childbearing,3
chilean,3
chilled,1
chives,1
choreographies,5
christened,2
churned,1
claimed,1
clarifying,4
classmates,2
clientele,3
clients,2
clinched,1
clogged,1
closely,2
closest,2
closures,2
clothed,1
coarsened,2
cocooned,2
coen,2
coercing,3
coercive,3
coincidence,4
coined,1
collapsed,2
colleague,2
colored,2
comeback,2
commissioned,3
communism,4
compelled,2
complained,2
completely,3
concealed,2
conceived,2
concerned,2
concierge,3
concludes,2
conditioned,3
confused,2
conjoined,2
consigned,2
consistently,4
consoled,2
conspicuous,4
constituent,4
consumed,2
contained,2
continuing,4
continuity,5
contrarian,4
controlee,3
conveying,3
cooked,1
cooped,1
cooperating,5
cornered,2
correctly,3
costumes,2
coughed,1
couldn't,2
counseled,2
countered,2
couturier,4
covered,2
cracked,1
crammed,1
cranes,1
craziest,3
creators,3
creatures,2
crimes,1
criticism,4
criticized,3
crossed,1
crushed,1
crying,2
culture,2
cultures,2
curates,2
cured,1
curled,1
curtailed,2
curves,1
curvier,3
cynthia,3
d'escalier,4
d'origine,4
dali,2
damaged,2
danes,1
dashed,1
dazed,1
deaccession,4
deaccessioning,5
debates,2
decades,2
decides,2
declined,2
decreased,2
deepened,2
defender,3
defensive,3
defiance,3
defiant,3
delicately,4
delirium,4
delivered,3
demolished,3
denotes,2
denounced,2
depending,3
deployed,2
depreciation,5
describes,2
designates,3
desire,3
desired,3
despaired,2
destabilized,4
destroying,3
detailed,2
deutsche,2
devalue,3
developmental,5
device,2
devised,2
devolved,2
diced,1
didn't,2
differently,4
diminished,3
dining,2
dioxide,3
dipped,1
dire,2
disappeared,3
discharged,2
disclosed,2
disclosure,3
disclosures,3
discombobulates,5
disenfranchised,4
disguised,2
disliked,2
dismantling,4
dismissed,2
dispatched,2
dispensed,2
displaced,2
disputes,2
distanced,2
distilled,2
distinguished,3
distressed,2
disturbed,2
dived,1
divides,2
dna,3
docked,1
doesn't,2
dolio,3
dominates,3
doored,1
dragged,1
dramatically,5
dreamed,1
dressed,1
driest,2
dropped,1
droves,1
drying,2
dua,2
dumped,1
dunes,1
dunked,1
duo,2
duomo,3
duped,1
duterte,3
dvd,3
dwarfed,1
earlier,3
earliest,3
earthquakes,2
eased,1
easeful,2
eclipsed,2
edifying,4
effective,3
effectively,4
eight,1
eighteen,2
eighty,2
eighty,3
eleven,3
elites,2
elysium,4
embraced,2
emerged,2
emmaus,3
emotionally,5
emphasized,3
empire,3
enclosed,2
encountered,3
encouraging,4
endorsement,3
endorsements,3
endowed,2
endured,2
engaged,2
engendered,3
engineered,3
engines,2
engulfed,2
enjoyable,4
enjoying,3
enrolled,2
enslaved,2
entered,2
enthusiasts,4
enticement,3
entire,3
entirely,4
entrenched,2
envelopes,3
environmental,5
episodes,3
epitome,4
eritrean,4
erroneous,4
erstwhile,3
escaped,2
escapes,2
eschewed,2
essentially,4
estates,2
esteemed,2
estimate,3
estimated,4
estimates,3
estonia,4
evacuating,5
evaluated,5
evaluating,5
evoked,2
evolved,2
evolves,2
exaggerates,4
examined,3
exchanged,2
excruciating,5
excused,2
executes,3
executives,4
exercised,3
expected,3
experiencing,5
explained,2
explored,2
exposed,2
expressed,2
extremophile,4
extremophiles,4
eyal,2
facebook,2
faced,1
facetime,2
facsimile,4
factual,3
failures,2
faked,1
fakes,1
falsely,2
farewell,2
fascism,3
fashioned,2
faster,2
favored,2
favorites,3
feared,1
featureless,3
features,2
fenced,1
festooned,2
fetched,1
fettuccine,4
fifteen,2
fifty,2
figured,2
figures,2
filmed,1
filtered,2
filthiest,3
finished,2
fished,1
fixed,1
flamboyance,3
flattened,2
flecked,1
fleeing,2
flocked,1
flowed,1
fogged,1
foil,2
foles,1
followed,2
forced,1
forceful,2
forecaster,3
forecasters,3
forecasts,2
foreground,2
foreheads,2
foreshortening,4
forged,1
forgoing,3
fortunes,2
forty,2
fostered,2
foundered,2
four,1
fourteen,2
franchised,2
frantically,3
frowned,1
fueled,1
fulfilled,2
fumes,1
functioned,2
funereal,4
furious,3
gabriel,3
gained,1
galerie,3
galvanized,3
gambia,3
gamecast,2
gates,1
gateway,2
gathered,2
gazed,1
gendered,2
generates,3
genitalia,5
genomes,2
georgetown,2
getting,2
giants,2
giovanni,4
giuliani,4
giving,2
gladiator,4
gladiators,4
glanced,1
gloriously,4
gnomelike,2
goliath,3
gouged,1
graced,1
graham,1
grandiose,3
granules,2
gratinee,3
graves,1
graves,2
greatest,2
grilled,1
grimaced,2
grinned,1
gripped,1
groomed,1
guessed,1
guidelines,2
hacienda,4
hacked,1
hadn't,2
hagia,3
hailed,1
haired,1
hammered,2
handled,2
happier,3
harder,2
hardest,2
harriet,3
harris's,3
hasn't,2
hates,1
having,2
heartiest,3
heightened,2
helped,1
here's,1
hicks's,2
higher,2
highest,2
hiked,1
himalaya,4
himalayas,4
holmes,1
homebound,2
homegrown,2
homemade,2
hometown,2
homeware,3
homewares,2
homogeneous,5
honed,1
hoped,1
hopelessness,3
hopes,1
horsehair,2
hotelier,4
hour,2
hourly,3
hours,2
housed,1
households,2
hugely,2
humiliations,5
hurricanes,3
ian,2
iced,1
idiosyncratic,7
ignored,2
imagined,3
immanuel,4
immensely,3
imperial,4
impingement,3
imposed,2
impressed,2
incipient,4
inclined,2
includes,2
including,3
incorporates,4
increasingly,4
incurred,2
indexed,2
indianapolis,6
indicates,3
ingenuity,5
inhaled,2
initially,4
injured,2
insomnia,4
insomniac,4
inspired,3
instructional,4
interferes,3
intuition,4
invented,3
invites,2
invoked,2
involved,2
involvement,3
involves,2
isaac,3
isn't,2
isotopes,3
it'd,2
italia,4
jeered,1
jessie,2
jeweled,1
jodie,2
joked,1
joshua,3
journalism,4
jovial,3
judged,1
julia,3
julio,3
julius,3
jumbled,2
kajillionaire,4
karlsruhe,3
kicked,1
kobe,2
kunstler,2
kylie,2
labeled,2
lacked,1
lafayette,3
landscaped,2
landscapes,2
language,2
lapierre,3
laramie,3
largemouth,2
larger,2
largest,2
lateness,2
laughed,1
laying,2
league's,1
leaned,1
leanne,2
leered,1
leia,2
leon,2
leonardo,4
leonhardt,3
leukemia,4
leveled,2
leveraged,3
libya,3
libyans,3
lifeless,2
lifeline,2
likes,1
lined,1
listened,2
littered,2
lived,1
livelihoods,3
lively,2
lives,1
livestream,2
livestreaming,3
loaned,1
loathed,1
locked,1
loneliness,3
longed,1
longer,2
looked,1
loosened,2
loungewear,2
loved,1
lucia,3
lurched,1
lured,1
luxurious,4
lyon,2
macabre,3
machiavellian,6
machine,2
mafia,3
magazines,3
managing,3
mandates,2
mannerism,4
mannerisms,4
manscaped,2
manual,3
manually,4
manufacturing,5
marines,2
marionette,4
marquee,2
matched,1
mattered,2
matthias,3
maya,2
mazelike,2
mccoy,2
mcintire,4
mckinsey,3
measures,2
mediocrity,5
memes,1
menaced,2
mentioned,2
mercurial,4
merged,1
microbes,2
microcosm,4
millennial,4
millennials,4
millennium,4
millionaires,4
minimized,3
minutes,2
minutiae,4
mismatched,2
mistakes,2
mnuchin,3
moaned,1
mocked,1
moet,2
monetized,3
mongolia,4
mongolian,4
mortgaged,2
mosques,1
movement,2
movements,2
multicolored,4
multitudes,3
musee,2
museo,3
museums,3
mutual,3
mutually,4
myopia,4
mysteriously,5
naive,2
narcissism,4
narratives,3
natalia,4
nature,2
necked,1
negotiation,5
negotiations,5
neon,2
nihilism,4
nine,1
nineteen,2
ninety,2
nonviolent,4
notarized,3
notoriety,5
notorious,4
nudes,1
nurtured,2
nxivm,3
oasis,3
oblivion,4
obtained,2
obviously,4
occupied,3
oceanic,4
oeuvre,2
offered,2
office,2
oil,2
olivier,4
olympian,4
one-on-one,3
openly,3
operatives,4
opinion,3
opium,3
oppressed,2
oreo,3
organism,4
organisms,4
orgasm,3
orgasms,3
orientalism,6
orientalist,5
ottoman,3
outlier,3
overdue,3
overlooked,3
overpowered,4
overstressed,3
overturned,3
p.m,2
packed,1
paged,1
paired,1
palettes,2
pancakes,2
panned,1
parachutes,3
particulates,4
patagonia,5
patio,3
patrolled,2
pedaled,2
pedialyte,4
pediatrician,5
pediatrics,4
pedigree,3
performed,2
perpetual,4
perseverance,4
perspectives,3
physiologists,5
physiology,5
piazza,3
pictures,2
piled,1
pioneering,4
pitched,1
pizzeria,4
planned,1
plastered,2
playacting,3
players,2
playing,2
plumes,1
plunged,1
podium,3
poem,1
poised,1
polarized,3
poles,1
politely,3
polyester,4
pooled,1
pored,1
pores,1
porsche,2
posed,1
positives,3
powered,2
practiced,2
precarious,4
precisely,3
prejudiced,3
premiums,3
preoccupations,5
preplanned,2
pressed,1
presumed,2
pretaped,2
previously,4
printed,2
privileged,3
procedure,3
procedures,3
processed,2
processing,3
proclaimed,2
pronounced,2
properly,3
propositioned,4
proved,1
provides,2
provoked,2
psychiatric,4
psychoanalyst,5
published,2
pulled,1
pulsed,1
pumped,1
punctuating,4
punished,2
purifier,4
pursued,2
pushed,1
putting,2
questioned,2
quieter,3
racism,3
radiant,3
radiology,5
ragu,2
randomized,3
ransacked,2
rapidly,3
ravaged,2
reactor,3
reactors,3
real,1
realism,3
realistic,3
realize,2
realized,2
really,2
reasoned,2
reassembled,4
reassuring,4
rebellious,4
recalled,2
recapped,2
recently,3
rechristened,3
recipient,4
recipients,4
reconceived,3
recovered,3
recreational,5
referenced,3
regained,2
reichl,2
reinterpreted,5
reinvention,4
reinventions,4
reissued,3
rejoined,2
relaxed,2
reliance,3
remained,2
remaining,3
remembered,3
remotely,3
renewed,2
reopen,3
reopening,4
repealed,2
repeatedly,4
reporting,3
required,3
requires,2
rescued,2
researcher,3
resilience,4
resilient,4
responsibilities,7
responsibility,7
retrieved,2
returned,2
reunion,3
revealed,2
revenge,2
revered,2
reversed,2
revived,2
rhimes,1
rhodes,1
rhymed,1
rio,2
risked,1
robes,1
rolled,1
roofed,1
roommates,2
roughly,2
routines,2
rubio,3
ruing,2
ruled,1
rushed,1
rwanda,3
sanctioned,2
sandwiched,2
santiago,4
saves,1
scaled,1
scandalized,3
scandinavia,5
scandinavian,5
scandinavians,5
scanned,1
scared,1
scatterbrained,3
scattered,2
scored,1
scrawled,1
scrolled,1
scrubbed,1
seasoned,2
sectarian,4
seemingly,3
seethed,1
seizures,2
selected,3
sentenced,2
sentient,3
separates,3
serviced,2
seventeen,3
seventy,3
sexism,3
shades,1
shaped,1
sharpened,2
shattered,2
shellshocked,2
shiitake,3
shimmying,3
shined,1
shooting,2
shouldered,2
shouldn't,2
shreveport,2
shuddered,2
shuttered,2
sicilian,4
sideline,2
sidelining,3
sidestep,2
sideswiping,3
sidewalks,2
sideways,2
signaled,2
signatures,3
significantly,5
similarly,4
situated,4
sixteen,2
sixty,2
sketched,1
slaveholder,3
slaves,1
sledgehammer,3
sledgehammers,3
slowed,1
smaller,2
smallest,2
smashed,1
smiled,1
smoked,1
smoothed,1
smoothified,3
smothered,2
sneezed,1
soared,1
sobriety,4
socialism,4
socially,3
sociologist,5
sockeye,2
sofia,3
someone,2
sophomore,2
spanned,1
sparked,1
sparsely,2
spawned,1
specialized,3
spending,2
spiced,1
spilled,1
spire,2
splashed,1
spokeswoman,3
spontaneity,5
spontaneous,4
spores,1
sprawled,1
spurred,1
sputtered,2
squarely,2
stacked,1
staged,1
stalemate,2
starting,2
statesman,2
statewide,2
statuary,4
stefania,4
stirred,1
stored,1
stormed,1
strayed,1
strenuously,4
stretched,1
striped,1
stripes,1
stroked,1
strokes,1
strontium,3
structured,2
studying,3
stumped,1
stunned,1
submerged,2
subsidized,3
substantially,4
successfully,4
sucked,1
suddenly,3
suffered,2
summed,1
supersized,3
supplier,3
surged,1
surprisingly,4
surrounded,3
surveyed,2
survived,2
sustained,2
swayed,1
swelled,1
tabbed,1
tailed,1
tailored,2
talked,1
tasked,1
tastemakers,3
taxed,1
taxpayers,3
teammates,2
techniques,2
temperatures,4
tempered,2
ten,1
terrified,3
terrifying,4
that'll,2
theater,2
theatergoer,4
theory,2
there's,1
thirteen,2
thirty,2
threatened,2
tightly,2
tiled,1
timed,1
tipped,1
tire,2
toil,2
tolerates,3
tolstoyan,3
topped,1
tortured,2
totaled,2
touched,1
tourism,3
traumatized,3
traveled,2
treasures,2
trilobites,3
tropes,1
tucked,1
tulle,1
tuned,1
twelve,1
twenty,2
typically,4
ukrainian,4
ultimately,4
unbothered,3
unchanged,2
unconvinced,3
uncovered,3
undeniable,5
undeniably,5
undermines,3
unearthed,2
unfiltered,3
unfinished,3
unfocused,3
unites,2
unleashed,2
unnamed,2
unnerved,2
unpublished,3
unroped,2
unsubsidized,4
untucked,2
updates,2
urged,1
using,2
utopia,4
valuable,3
valuable,4
vandalism,4
videos,3
vienna,3
vignettes,2
vindicates,3
violation,4
violently,4
vivienne,3
voiced,1
volumes,2
voting,2
voyages,3
waged,1
walleye,2
wandered,2
waned,1
wanes,1
warned,1
wasn't,2
watched,1
waved,1
wavered,2
websites,2
weighed,1
welcomed,2
weren't,1
what's,1
wheeled,1
wildfire,3
wildfires,3
wished,1
witnessed,2
won't,1
worrying,3
worse,1
worsened,2
wouldn't,2
wrecked,1
yosemite,4
you'd,1
zipped,1
zoe,2
zoology,4
